Idade,Categoria de Compra Mais Frequente,Valor Médio de Compra,Frequência de Compra Mensal,Horário Preferido de Compra,Canal de Compra,Cluster
56,eletrônicos,108.87,7,tarde,loja física,2
69,produtos infantis,142.48,7,manhã,loja física,1
46,vestuário clássico,126.92,6,noite,aplicativo móvel,2
32,produtos para casa,207.62,4,manhã,aplicativo móvel,0
60,produtos infantis,99.91,9,noite,loja física,2
25,saúde/bem-estar,153.42,6,noite,online,0
38,vestuário clássico,277.3,4,manhã,aplicativo móvel,0
56,eletrônicos,170.65,3,noite,online,1
36,eletrônicos,178.96,4,manhã,online,0
40,saúde/bem-estar,208.03,3,manhã,online,0
28,saúde/bem-estar,126.85,2,noite,loja física,0
28,produtos para casa,95.93,5,noite,online,0
41,eletrônicos,158.83,2,tarde,loja física,0
53,vestuário clássico,163.27,6,noite,loja física,2
57,produtos infantis,69.09,3,tarde,online,1
41,vestuário clássico,168.75,6,noite,online,2
20,moda jovem,203.49,9,manhã,online,2
39,moda jovem,104.35,1,noite,online,0
19,saúde/bem-estar,171.78,6,manhã,loja física,0
41,produtos para casa,194.61,9,manhã,online,2
61,moda jovem,179.33,4,manhã,online,1
47,eletrônicos,184.05,2,tarde,loja física,1
55,vestuário clássico,137.76,4,noite,aplicativo móvel,1
19,vestuário clássico,93.62,1,manhã,aplicativo móvel,0
38,saúde/bem-estar,127.64,3,manhã,loja física,0
50,produtos infantis,120.7,9,tarde,aplicativo móvel,2
29,saúde/bem-estar,145.99,5,noite,loja física,0
39,produtos infantis,204.66,6,noite,online,2
61,saúde/bem-estar,84.41,3,tarde,online,1
42,saúde/bem-estar,157.21,5,tarde,aplicativo móvel,2
66,saúde/bem-estar,96.83,8,noite,online,2
44,produtos infantis,113.0,6,tarde,aplicativo móvel,2
59,produtos infantis,177.94,4,noite,aplicativo móvel,1
45,saúde/bem-estar,90.5,2,noite,online,1
33,moda jovem,186.71,9,manhã,online,2
32,produtos para casa,82.39,1,manhã,aplicativo móvel,0
64,produtos para casa,183.35,1,noite,online,1
68,produtos para casa,72.52,4,noite,loja física,1
61,produtos infantis,119.11,7,noite,online,2
69,produtos infantis,244.82,1,noite,online,1
20,moda jovem,235.43,9,noite,loja física,2
54,produtos para casa,129.37,4,noite,online,1
68,produtos para casa,169.5,3,tarde,online,1
24,saúde/bem-estar,210.2,1,noite,aplicativo móvel,0
38,produtos infantis,184.06,4,tarde,online,0
26,produtos para casa,136.33,9,tarde,online,2
56,vestuário clássico,112.57,6,noite,loja física,1
35,moda jovem,193.41,6,noite,aplicativo móvel,2
21,vestuário clássico,206.54,1,tarde,aplicativo móvel,0
42,vestuário clássico,235.79,2,tarde,aplicativo móvel,0
31,moda jovem,65.64,6,noite,online,2
67,vestuário clássico,87.34,2,noite,aplicativo móvel,1
26,produtos para casa,208.1,3,tarde,loja física,0
43,produtos infantis,72.42,4,tarde,aplicativo móvel,0
19,moda jovem,211.93,5,tarde,loja física,0
37,saúde/bem-estar,139.25,9,manhã,aplicativo móvel,2
45,vestuário clássico,123.95,4,tarde,aplicativo móvel,1
64,moda jovem,160.27,9,manhã,loja física,2
24,eletrônicos,82.73,3,noite,aplicativo móvel,0
61,eletrônicos,191.2,8,noite,aplicativo móvel,2
25,produtos infantis,234.48,1,tarde,aplicativo móvel,0
64,produtos para casa,193.53,9,noite,online,2
52,produtos infantis,137.67,9,noite,loja física,2
31,produtos infantis,73.1,2,noite,aplicativo móvel,0
34,produtos infantis,75.02,4,noite,loja física,0
53,produtos infantis,83.52,8,manhã,loja física,2
67,saúde/bem-estar,149.39,7,manhã,loja física,1
57,saúde/bem-estar,155.67,1,tarde,aplicativo móvel,1
21,moda jovem,193.42,5,tarde,aplicativo móvel,0
19,eletrônicos,60.2,7,tarde,loja física,2
23,produtos infantis,215.56,4,noite,online,0
59,moda jovem,184.72,1,noite,loja física,1
21,eletrônicos,133.66,9,manhã,online,2
46,vestuário clássico,90.51,5,manhã,loja física,2
35,produtos para casa,212.46,2,tarde,loja física,0
43,saúde/bem-estar,135.0,8,manhã,loja física,2
61,vestuário clássico,149.0,2,manhã,aplicativo móvel,1
51,eletrônicos,169.18,3,manhã,online,1
27,vestuário clássico,104.34,1,manhã,online,0
53,produtos para casa,135.89,2,manhã,loja física,1
31,eletrônicos,193.27,7,tarde,aplicativo móvel,2
48,vestuário clássico,188.2,2,tarde,aplicativo móvel,1
65,saúde/bem-estar,188.66,6,manhã,online,1
32,saúde/bem-estar,92.24,3,tarde,aplicativo móvel,0
25,moda jovem,138.17,4,noite,online,0
31,vestuário clássico,130.18,8,manhã,online,2
40,produtos infantis,171.26,3,noite,online,0
57,vestuário clássico,166.78,6,tarde,aplicativo móvel,1
38,eletrônicos,157.77,1,tarde,online,0
33,eletrônicos,273.29,7,noite,online,2
62,vestuário clássico,135.46,8,tarde,loja física,2
35,produtos para casa,129.61,8,manhã,online,2
64,saúde/bem-estar,92.16,3,noite,online,1
41,eletrônicos,73.11,1,manhã,loja física,0
43,saúde/bem-estar,88.98,9,noite,loja física,2
42,eletrônicos,114.07,6,tarde,aplicativo móvel,2
62,moda jovem,215.5,9,noite,online,2
58,produtos infantis,151.96,7,noite,aplicativo móvel,2
46,eletrônicos,159.67,1,manhã,aplicativo móvel,1
32,saúde/bem-estar,145.19,1,tarde,loja física,0
62,moda jovem,168.27,6,manhã,aplicativo móvel,1
18,eletrônicos,220.1,5,tarde,online,0
42,produtos para casa,50.3,9,manhã,loja física,2
24,produtos infantis,210.92,2,noite,online,0
26,eletrônicos,24.25,8,manhã,online,2
41,moda jovem,151.41,5,tarde,loja física,0
18,produtos para casa,259.6,2,tarde,online,0
61,vestuário clássico,184.03,6,noite,loja física,1
25,moda jovem,168.65,8,tarde,online,2
41,moda jovem,250.1,4,manhã,loja física,0
28,produtos para casa,114.85,2,noite,aplicativo móvel,0
68,moda jovem,171.7,5,tarde,online,1
34,produtos para casa,178.91,2,tarde,loja física,0
25,eletrônicos,123.88,2,manhã,online,0
52,produtos para casa,128.29,6,manhã,online,2
52,produtos para casa,122.81,9,noite,online,2
50,produtos infantis,154.37,4,tarde,loja física,1
22,produtos para casa,177.33,6,manhã,aplicativo móvel,0
59,produtos para casa,156.16,7,noite,aplicativo móvel,2
56,vestuário clássico,185.47,6,tarde,aplicativo móvel,1
58,eletrônicos,51.54,8,tarde,loja física,2
45,produtos infantis,139.09,4,noite,aplicativo móvel,1
24,vestuário clássico,98.83,1,noite,loja física,0
26,saúde/bem-estar,165.09,7,manhã,online,2
25,eletrônicos,164.35,3,tarde,online,0
29,eletrônicos,144.22,6,tarde,aplicativo móvel,0
51,saúde/bem-estar,175.51,2,tarde,loja física,1
50,produtos para casa,199.89,9,noite,online,2
65,vestuário clássico,146.97,1,manhã,loja física,1
40,moda jovem,97.42,6,tarde,loja física,2
41,produtos infantis,70.94,6,noite,online,2
54,moda jovem,151.81,5,tarde,loja física,1
52,saúde/bem-estar,162.09,5,manhã,online,1
61,eletrônicos,101.52,1,tarde,online,1
57,eletrônicos,186.29,5,manhã,online,1
39,produtos infantis,127.05,2,manhã,loja física,0
44,eletrônicos,67.18,7,tarde,online,2
52,eletrônicos,212.82,3,tarde,loja física,1
18,produtos infantis,207.2,4,manhã,online,0
52,vestuário clássico,49.22,3,noite,online,1
54,vestuário clássico,121.87,3,manhã,aplicativo móvel,1
64,produtos infantis,119.92,4,tarde,aplicativo móvel,1
31,saúde/bem-estar,231.97,5,tarde,aplicativo móvel,0
20,eletrônicos,145.04,1,noite,loja física,0
18,eletrônicos,75.21,4,manhã,loja física,0
22,saúde/bem-estar,194.11,8,manhã,online,2
43,vestuário clássico,88.46,7,manhã,online,2
31,produtos para casa,136.98,9,tarde,online,2
56,produtos para casa,111.51,5,manhã,online,1
44,produtos para casa,121.98,4,noite,loja física,0
26,vestuário clássico,196.86,8,tarde,online,2
32,vestuário clássico,226.07,9,tarde,online,2
32,saúde/bem-estar,86.28,7,manhã,aplicativo móvel,2
43,eletrônicos,181.3,7,noite,online,2
59,saúde/bem-estar,113.36,5,tarde,online,1
30,saúde/bem-estar,114.92,4,tarde,online,0
68,vestuário clássico,174.53,1,manhã,loja física,1
49,produtos para casa,98.6,7,manhã,aplicativo móvel,2
56,moda jovem,173.53,1,noite,online,1
66,eletrônicos,186.51,1,manhã,online,1
69,vestuário clássico,128.37,5,noite,aplicativo móvel,1
49,produtos para casa,216.35,9,tarde,online,2
21,moda jovem,86.36,6,noite,loja física,0
47,moda jovem,217.27,3,noite,online,1
54,vestuário clássico,52.8,3,noite,loja física,1
40,produtos infantis,284.99,7,tarde,loja física,2
56,eletrônicos,129.69,6,manhã,online,1
62,moda jovem,91.88,9,tarde,aplicativo móvel,2
32,vestuário clássico,138.37,6,manhã,loja física,2
60,vestuário clássico,97.68,5,noite,aplicativo móvel,1
46,produtos para casa,169.35,7,noite,online,2
53,produtos infantis,218.38,1,noite,loja física,1
30,eletrônicos,100.33,7,noite,online,2
49,saúde/bem-estar,178.97,3,noite,aplicativo móvel,1
24,produtos para casa,73.36,9,manhã,online,2
68,moda jovem,201.65,6,manhã,online,1
39,moda jovem,170.81,9,noite,loja física,2
45,produtos para casa,203.81,5,tarde,online,2
19,vestuário clássico,143.88,7,tarde,online,2
59,moda jovem,128.24,4,noite,online,1
62,produtos infantis,190.81,7,manhã,loja física,2
23,eletrônicos,84.6,1,tarde,aplicativo móvel,0
45,produtos infantis,62.86,7,tarde,aplicativo móvel,2
45,moda jovem,149.75,8,tarde,online,2
61,saúde/bem-estar,130.52,5,noite,loja física,1
61,eletrônicos,177.69,2,tarde,online,1
37,eletrônicos,204.58,5,tarde,aplicativo móvel,0
47,produtos para casa,176.65,6,tarde,loja física,2
28,produtos para casa,200.6,2,tarde,aplicativo móvel,0
45,saúde/bem-estar,166.05,6,manhã,aplicativo móvel,2
42,vestuário clássico,174.73,6,noite,loja física,2
56,eletrônicos,144.17,1,noite,loja física,1
50,saúde/bem-estar,173.25,1,manhã,online,1
18,produtos para casa,158.33,3,manhã,online,0
44,produtos para casa,166.26,3,noite,aplicativo móvel,0
69,eletrônicos,141.66,4,tarde,loja física,1
30,produtos infantis,190.45,2,tarde,loja física,0
58,moda jovem,114.48,9,noite,online,2
20,produtos para casa,149.08,7,tarde,aplicativo móvel,2
56,vestuário clássico,215.59,7,manhã,aplicativo móvel,2
23,vestuário clássico,102.56,6,tarde,online,0
25,produtos para casa,41.91,3,tarde,loja física,0
44,produtos infantis,168.32,6,tarde,online,2
26,produtos infantis,137.15,8,noite,online,2
54,saúde/bem-estar,200.54,8,manhã,online,2
50,vestuário clássico,143.47,9,tarde,online,2
68,saúde/bem-estar,119.78,1,noite,loja física,1
59,vestuário clássico,146.21,1,tarde,online,1
61,moda jovem,204.65,3,manhã,loja física,1
41,moda jovem,178.77,3,tarde,online,0
32,eletrônicos,28.3,8,manhã,aplicativo móvel,2
49,saúde/bem-estar,159.29,1,tarde,loja física,1
49,produtos para casa,161.79,2,manhã,aplicativo móvel,1
41,saúde/bem-estar,149.09,2,tarde,online,0
58,produtos para casa,119.46,3,manhã,online,1
69,produtos infantis,209.73,6,tarde,online,1
66,saúde/bem-estar,212.2,1,tarde,loja física,1
66,produtos infantis,39.84,2,noite,aplicativo móvel,1
69,moda jovem,110.1,1,noite,loja física,1
29,moda jovem,142.76,5,manhã,loja física,0
56,eletrônicos,197.43,7,tarde,online,2
19,saúde/bem-estar,151.74,8,manhã,aplicativo móvel,2
20,produtos infantis,115.82,1,noite,online,0
66,produtos para casa,185.48,7,manhã,loja física,1
54,moda jovem,139.43,5,manhã,online,1
66,moda jovem,144.13,1,noite,aplicativo móvel,1
34,produtos para casa,148.64,3,tarde,online,0
66,produtos infantis,178.72,7,manhã,aplicativo móvel,1
19,produtos infantis,134.57,1,noite,aplicativo móvel,0
19,saúde/bem-estar,184.35,7,tarde,online,2
45,saúde/bem-estar,146.35,5,noite,loja física,2
40,vestuário clássico,96.65,1,manhã,online,0
54,vestuário clássico,148.16,1,tarde,loja física,1
49,eletrônicos,99.24,1,tarde,loja física,1
50,moda jovem,152.05,9,noite,online,2
18,saúde/bem-estar,191.47,3,noite,loja física,0
36,produtos infantis,96.32,5,noite,loja física,0
19,produtos para casa,168.21,9,tarde,online,2
61,produtos infantis,108.55,6,tarde,online,1
43,moda jovem,160.09,9,manhã,online,2
49,vestuário clássico,193.01,8,tarde,loja física,2
23,produtos infantis,43.52,8,manhã,aplicativo móvel,2
49,eletrônicos,94.28,1,noite,loja física,1
21,moda jovem,131.55,9,noite,aplicativo móvel,2
28,vestuário clássico,165.75,6,tarde,online,0
34,produtos para casa,141.68,9,noite,aplicativo móvel,2
55,vestuário clássico,147.71,3,noite,online,1
41,eletrônicos,252.15,3,tarde,online,0
22,moda jovem,89.38,6,manhã,aplicativo móvel,0
69,produtos para casa,206.77,9,tarde,online,2
51,eletrônicos,132.5,7,manhã,aplicativo móvel,2
23,vestuário clássico,177.47,3,tarde,online,0
39,eletrônicos,256.45,3,tarde,loja física,0
28,moda jovem,184.43,2,noite,loja física,0
65,saúde/bem-estar,168.62,9,tarde,online,2
33,eletrônicos,229.96,3,tarde,online,0
50,eletrônicos,206.24,5,manhã,aplicativo móvel,1
26,vestuário clássico,110.03,9,noite,loja física,2
23,vestuário clássico,164.73,8,manhã,aplicativo móvel,2
33,produtos para casa,64.13,2,manhã,online,0
46,vestuário clássico,122.99,3,noite,online,1
20,produtos infantis,165.7,2,noite,aplicativo móvel,0
37,moda jovem,119.89,8,noite,online,2
53,moda jovem,163.67,6,tarde,loja física,2
36,saúde/bem-estar,149.33,6,noite,aplicativo móvel,2
43,saúde/bem-estar,176.82,9,noite,loja física,2
20,moda jovem,128.79,8,noite,loja física,2
36,saúde/bem-estar,102.99,4,manhã,loja física,0
37,produtos para casa,223.91,4,manhã,aplicativo móvel,0
49,vestuário clássico,125.22,9,tarde,online,2
24,moda jovem,183.0,1,manhã,loja física,0
69,saúde/bem-estar,221.76,2,tarde,loja física,1
58,moda jovem,158.13,2,manhã,loja física,1
50,produtos infantis,107.18,6,noite,online,2
57,eletrônicos,141.07,4,manhã,online,1
56,vestuário clássico,200.88,3,tarde,aplicativo móvel,1
35,moda jovem,160.31,3,manhã,online,0
57,eletrônicos,89.74,3,noite,aplicativo móvel,1
18,saúde/bem-estar,179.83,6,tarde,aplicativo móvel,0
28,eletrônicos,188.48,8,noite,aplicativo móvel,2
45,vestuário clássico,132.23,7,noite,aplicativo móvel,2
42,moda jovem,180.51,4,tarde,aplicativo móvel,0
67,produtos infantis,162.25,4,noite,loja física,1
40,saúde/bem-estar,140.13,2,noite,online,0
48,moda jovem,85.32,1,manhã,loja física,1
47,vestuário clássico,203.9,9,noite,aplicativo móvel,2
59,saúde/bem-estar,187.96,2,noite,online,1
52,produtos para casa,179.19,8,noite,loja física,2
24,eletrônicos,227.23,9,noite,loja física,2
33,vestuário clássico,197.26,4,tarde,aplicativo móvel,0
43,produtos para casa,184.33,8,manhã,loja física,2
65,moda jovem,39.34,9,noite,loja física,2
69,produtos infantis,209.84,5,noite,loja física,1
66,saúde/bem-estar,154.15,7,tarde,loja física,1
19,eletrônicos,165.62,4,noite,loja física,0
18,saúde/bem-estar,165.97,1,tarde,aplicativo móvel,0
65,moda jovem,188.69,3,manhã,aplicativo móvel,1
29,saúde/bem-estar,206.11,5,manhã,loja física,0
22,eletrônicos,181.71,3,noite,aplicativo móvel,0
54,moda jovem,173.76,7,noite,aplicativo móvel,2
49,saúde/bem-estar,161.58,9,noite,online,2
26,produtos infantis,151.95,6,tarde,loja física,0
58,vestuário clássico,135.62,1,noite,aplicativo móvel,1
52,moda jovem,102.92,7,noite,aplicativo móvel,2
36,vestuário clássico,210.54,3,manhã,loja física,0
65,moda jovem,180.95,5,noite,online,1
33,produtos infantis,127.09,4,manhã,loja física,0
20,vestuário clássico,132.11,5,noite,online,0
37,produtos para casa,130.3,5,manhã,loja física,0
41,eletrônicos,129.41,6,noite,loja física,2
50,produtos para casa,77.77,6,manhã,loja física,2
41,saúde/bem-estar,66.94,8,tarde,loja física,2
69,produtos infantis,151.45,8,manhã,online,2
28,produtos para casa,203.77,9,manhã,online,2
66,moda jovem,123.12,8,manhã,aplicativo móvel,2
25,saúde/bem-estar,165.17,2,noite,loja física,0
53,saúde/bem-estar,186.71,1,noite,online,1
55,produtos para casa,100.33,2,noite,online,1
57,produtos para casa,149.0,2,tarde,online,1
37,produtos infantis,116.67,3,tarde,loja física,0
52,eletrônicos,230.31,7,manhã,aplicativo móvel,2
65,produtos para casa,228.12,2,tarde,online,1
42,produtos para casa,100.38,1,manhã,loja física,0
52,vestuário clássico,169.29,6,manhã,online,2
42,moda jovem,203.38,9,manhã,online,2
46,vestuário clássico,192.42,3,tarde,aplicativo móvel,1
35,vestuário clássico,154.08,6,noite,online,2
63,saúde/bem-estar,215.33,3,tarde,online,1
35,eletrônicos,104.77,1,manhã,loja física,0
19,moda jovem,134.85,5,manhã,loja física,0
52,produtos infantis,106.12,4,tarde,aplicativo móvel,1
33,produtos infantis,189.12,7,manhã,loja física,2
58,produtos para casa,120.87,6,manhã,loja física,1
53,produtos para casa,141.44,7,tarde,aplicativo móvel,2
50,produtos infantis,180.88,5,tarde,online,1
21,produtos para casa,184.91,4,tarde,aplicativo móvel,0
50,eletrônicos,104.64,7,manhã,loja física,2
31,vestuário clássico,202.83,7,manhã,aplicativo móvel,2
38,produtos para casa,172.78,6,noite,online,2
65,saúde/bem-estar,95.91,8,noite,aplicativo móvel,2
37,produtos para casa,83.61,4,tarde,loja física,0
25,moda jovem,149.21,5,noite,loja física,0
24,eletrônicos,192.5,4,manhã,aplicativo móvel,0
20,moda jovem,193.79,1,noite,online,0
34,moda jovem,167.81,8,manhã,aplicativo móvel,2
50,saúde/bem-estar,152.43,1,tarde,online,1
65,eletrônicos,175.59,5,tarde,online,1
29,eletrônicos,107.23,6,manhã,aplicativo móvel,2
68,eletrônicos,234.35,6,noite,online,1
39,eletrônicos,233.7,5,tarde,loja física,0
39,eletrônicos,171.44,3,tarde,aplicativo móvel,0
63,saúde/bem-estar,159.87,5,noite,online,1
47,produtos para casa,129.43,8,noite,loja física,2
55,moda jovem,176.44,2,manhã,aplicativo móvel,1
55,eletrônicos,115.43,6,noite,loja física,2
62,produtos para casa,38.82,9,noite,loja física,2
68,produtos para casa,14.29,8,noite,loja física,2
25,moda jovem,110.03,8,manhã,online,2
44,saúde/bem-estar,157.82,8,manhã,aplicativo móvel,2
44,produtos infantis,166.6,7,tarde,aplicativo móvel,2
51,produtos infantis,125.66,8,manhã,online,2
38,produtos para casa,157.09,6,tarde,aplicativo móvel,2
47,vestuário clássico,136.29,2,noite,loja física,1
50,vestuário clássico,100.03,2,tarde,aplicativo móvel,1
45,moda jovem,147.31,8,tarde,online,2
64,produtos infantis,190.65,1,noite,loja física,1
50,produtos para casa,102.3,6,tarde,online,2
22,saúde/bem-estar,102.32,6,manhã,loja física,0
65,produtos infantis,96.54,4,manhã,loja física,1
36,produtos para casa,53.17,3,manhã,aplicativo móvel,0
21,produtos para casa,125.99,3,manhã,loja física,0
52,eletrônicos,185.7,1,tarde,online,1
66,saúde/bem-estar,158.7,3,tarde,aplicativo móvel,1
34,eletrônicos,141.54,4,noite,online,0
61,moda jovem,156.45,5,tarde,loja física,1
45,eletrônicos,125.55,3,tarde,online,1
47,eletrônicos,52.61,6,tarde,online,2
46,produtos infantis,189.19,5,noite,loja física,1
63,vestuário clássico,203.56,3,manhã,aplicativo móvel,1
23,produtos para casa,113.59,6,tarde,online,0
52,saúde/bem-estar,142.46,6,noite,loja física,2
58,eletrônicos,138.15,8,noite,aplicativo móvel,2
54,saúde/bem-estar,167.56,2,noite,aplicativo móvel,1
41,vestuário clássico,234.49,1,manhã,aplicativo móvel,0
46,vestuário clássico,207.99,4,tarde,online,1
66,eletrônicos,131.15,7,noite,online,1
63,moda jovem,177.12,3,manhã,online,1
48,eletrônicos,212.72,3,noite,aplicativo móvel,1
52,produtos infantis,170.42,5,noite,online,1
50,produtos para casa,149.77,5,noite,loja física,1
69,moda jovem,172.3,3,noite,online,1
38,eletrônicos,114.84,9,noite,online,2
49,saúde/bem-estar,122.14,4,manhã,aplicativo móvel,1
40,moda jovem,96.8,3,tarde,online,0
50,moda jovem,165.35,2,tarde,loja física,1
20,eletrônicos,143.43,9,tarde,aplicativo móvel,2
35,moda jovem,108.84,4,tarde,loja física,0
42,saúde/bem-estar,141.79,3,manhã,aplicativo móvel,0
59,vestuário clássico,173.5,7,manhã,aplicativo móvel,2
48,moda jovem,245.74,8,manhã,online,2
20,vestuário clássico,200.6,2,noite,loja física,0
57,saúde/bem-estar,35.79,7,noite,aplicativo móvel,2
63,eletrônicos,161.97,5,noite,online,1
41,produtos para casa,221.47,5,tarde,aplicativo móvel,0
67,moda jovem,83.11,3,noite,aplicativo móvel,1
49,produtos para casa,177.58,5,tarde,aplicativo móvel,1
64,saúde/bem-estar,138.17,2,noite,aplicativo móvel,1
39,moda jovem,207.51,4,tarde,aplicativo móvel,0
40,vestuário clássico,170.21,6,noite,aplicativo móvel,2
19,produtos infantis,105.8,1,noite,online,0
44,produtos para casa,139.96,4,manhã,aplicativo móvel,0
59,moda jovem,142.92,6,noite,loja física,1
19,produtos para casa,143.84,9,noite,online,2
43,moda jovem,205.96,2,manhã,loja física,0
34,eletrônicos,107.87,7,tarde,aplicativo móvel,2
57,vestuário clássico,200.15,6,manhã,loja física,1
50,produtos para casa,134.89,2,manhã,aplicativo móvel,1
26,produtos infantis,161.18,8,tarde,aplicativo móvel,2
60,produtos infantis,153.62,7,noite,online,2
65,saúde/bem-estar,148.91,5,tarde,online,1
56,moda jovem,149.32,5,noite,aplicativo móvel,1
46,produtos para casa,222.87,7,noite,online,2
59,saúde/bem-estar,192.12,9,tarde,loja física,2
43,produtos para casa,131.86,9,manhã,online,2
52,moda jovem,229.14,9,tarde,online,2
67,produtos infantis,163.73,6,noite,loja física,1
42,eletrônicos,167.88,6,tarde,online,2
41,produtos infantis,108.13,3,tarde,aplicativo móvel,0
30,saúde/bem-estar,125.13,1,noite,loja física,0
24,vestuário clássico,115.57,7,manhã,aplicativo móvel,2
53,eletrônicos,154.3,4,tarde,loja física,1
62,saúde/bem-estar,181.94,1,noite,aplicativo móvel,1
37,moda jovem,168.36,8,noite,aplicativo móvel,2
18,eletrônicos,229.4,6,tarde,online,0
25,saúde/bem-estar,105.61,6,manhã,aplicativo móvel,0
63,moda jovem,155.74,2,tarde,online,1
33,produtos infantis,85.85,1,manhã,loja física,0
31,vestuário clássico,103.91,2,manhã,aplicativo móvel,0
29,moda jovem,213.23,4,manhã,aplicativo móvel,0
68,produtos para casa,126.84,2,manhã,loja física,1
40,moda jovem,109.83,1,tarde,loja física,0
32,moda jovem,43.5,7,noite,aplicativo móvel,2
45,vestuário clássico,109.33,8,noite,loja física,2
51,produtos para casa,139.74,6,noite,online,2
19,saúde/bem-estar,82.13,4,noite,loja física,0
49,saúde/bem-estar,136.86,6,noite,loja física,2
40,moda jovem,213.53,3,noite,aplicativo móvel,0
39,produtos para casa,114.63,8,tarde,online,2
68,produtos para casa,102.83,2,manhã,loja física,1
42,vestuário clássico,93.8,5,noite,online,2
39,produtos infantis,92.91,1,tarde,online,0
39,saúde/bem-estar,176.78,6,noite,online,2
66,vestuário clássico,152.43,2,noite,aplicativo móvel,1
69,eletrônicos,197.84,4,manhã,loja física,1
59,saúde/bem-estar,250.99,6,manhã,aplicativo móvel,1
23,vestuário clássico,58.48,8,manhã,loja física,2
32,saúde/bem-estar,169.0,8,noite,loja física,2
60,produtos infantis,94.07,6,noite,aplicativo móvel,1
54,eletrônicos,189.44,4,noite,online,1
50,produtos infantis,136.4,8,manhã,online,2
25,eletrônicos,151.37,8,tarde,loja física,2
61,moda jovem,85.84,1,noite,aplicativo móvel,1
61,vestuário clássico,128.68,4,noite,online,1
22,eletrônicos,154.48,4,noite,online,0
56,produtos infantis,217.8,7,tarde,loja física,2
21,saúde/bem-estar,110.27,7,noite,loja física,2
23,eletrônicos,122.47,8,tarde,aplicativo móvel,2
62,vestuário clássico,197.21,5,noite,loja física,1
49,eletrônicos,107.03,7,tarde,online,2
69,produtos para casa,207.12,8,noite,online,2
47,saúde/bem-estar,149.55,9,manhã,online,2
64,vestuário clássico,165.16,3,manhã,online,1
52,vestuário clássico,168.38,3,manhã,aplicativo móvel,1
57,moda jovem,119.19,4,manhã,aplicativo móvel,1
69,produtos infantis,169.49,5,noite,loja física,1
33,moda jovem,111.38,1,manhã,loja física,0
30,vestuário clássico,124.89,7,tarde,loja física,2
67,saúde/bem-estar,177.93,9,manhã,aplicativo móvel,2
59,eletrônicos,164.67,8,manhã,online,2
47,eletrônicos,146.25,5,manhã,loja física,1
36,saúde/bem-estar,87.06,4,noite,online,0
34,vestuário clássico,99.54,7,manhã,loja física,2
36,eletrônicos,163.84,5,tarde,loja física,0
45,eletrônicos,186.61,7,manhã,loja física,2
43,eletrônicos,94.52,1,manhã,loja física,0
54,produtos infantis,108.01,1,manhã,loja física,1
43,produtos infantis,156.71,3,tarde,online,0
40,produtos para casa,155.64,2,manhã,loja física,0
26,moda jovem,68.8,2,tarde,online,0
29,saúde/bem-estar,158.08,7,tarde,aplicativo móvel,2
18,saúde/bem-estar,120.08,2,manhã,loja física,0
18,saúde/bem-estar,232.05,4,tarde,online,0
64,produtos para casa,162.46,2,noite,aplicativo móvel,1
51,produtos infantis,171.07,6,manhã,aplicativo móvel,2
49,vestuário clássico,172.37,8,manhã,aplicativo móvel,2
65,vestuário clássico,89.3,4,tarde,online,1
42,produtos para casa,247.19,5,tarde,loja física,0
57,vestuário clássico,68.85,4,manhã,loja física,1
62,saúde/bem-estar,189.79,3,noite,online,1
18,moda jovem,180.93,5,tarde,loja física,0
33,eletrônicos,126.15,9,tarde,online,2
56,produtos infantis,183.32,8,noite,loja física,2
22,produtos infantis,134.12,8,noite,aplicativo móvel,2
39,produtos para casa,116.23,8,manhã,loja física,2
46,produtos infantis,173.48,8,noite,online,2
20,saúde/bem-estar,99.67,7,manhã,online,2
29,vestuário clássico,138.79,8,noite,aplicativo móvel,2
43,saúde/bem-estar,120.29,8,tarde,online,2
33,produtos para casa,133.2,8,manhã,loja física,2
68,saúde/bem-estar,171.64,7,manhã,loja física,1
54,vestuário clássico,120.28,1,manhã,aplicativo móvel,1
39,moda jovem,140.38,4,noite,online,0
46,produtos para casa,124.84,4,tarde,aplicativo móvel,1
31,moda jovem,222.2,5,manhã,loja física,0
45,eletrônicos,167.13,6,manhã,aplicativo móvel,2
22,moda jovem,161.0,4,manhã,online,0
64,eletrônicos,184.17,2,manhã,aplicativo móvel,1
66,eletrônicos,120.29,6,tarde,online,1
47,moda jovem,192.96,8,noite,online,2
63,produtos para casa,167.31,8,tarde,loja física,2
69,vestuário clássico,71.96,7,manhã,loja física,1
22,saúde/bem-estar,78.6,6,tarde,loja física,0
29,saúde/bem-estar,121.39,2,manhã,online,0
33,vestuário clássico,83.95,7,noite,aplicativo móvel,2
43,eletrônicos,138.09,5,noite,online,2
43,eletrônicos,99.31,6,noite,loja física,2
65,produtos para casa,145.11,8,manhã,loja física,2
38,produtos infantis,220.59,8,tarde,aplicativo móvel,2
56,moda jovem,147.53,3,noite,loja física,1
53,eletrônicos,134.85,7,manhã,loja física,2
50,saúde/bem-estar,169.41,1,manhã,loja física,1
47,produtos para casa,115.18,1,tarde,aplicativo móvel,1
54,moda jovem,192.17,7,noite,online,2
40,produtos para casa,174.76,9,manhã,loja física,2
27,moda jovem,151.94,7,tarde,aplicativo móvel,2
22,moda jovem,157.72,5,noite,loja física,0
53,vestuário clássico,252.09,8,tarde,aplicativo móvel,2
51,eletrônicos,197.12,2,tarde,loja física,1
69,produtos para casa,259.98,9,manhã,aplicativo móvel,2
48,produtos para casa,176.6,6,manhã,loja física,2
27,vestuário clássico,76.42,9,manhã,online,2
36,saúde/bem-estar,136.89,2,tarde,loja física,0
49,saúde/bem-estar,64.99,3,manhã,aplicativo móvel,1
18,eletrônicos,176.42,8,tarde,loja física,2
22,eletrônicos,187.27,1,tarde,online,0
62,produtos infantis,105.7,7,manhã,loja física,2
21,vestuário clássico,117.22,7,noite,aplicativo móvel,2
33,saúde/bem-estar,157.44,1,noite,aplicativo móvel,0
41,moda jovem,90.09,9,noite,online,2
33,produtos para casa,86.34,8,tarde,aplicativo móvel,2
19,eletrônicos,211.93,4,tarde,loja física,0
66,produtos para casa,155.74,5,tarde,loja física,1
45,produtos para casa,122.09,2,manhã,loja física,0
49,produtos infantis,65.39,9,tarde,aplicativo móvel,2
44,saúde/bem-estar,192.62,6,manhã,loja física,2
37,eletrônicos,115.77,3,manhã,loja física,0
41,produtos para casa,243.03,7,noite,loja física,2
29,eletrônicos,192.97,9,noite,online,2
67,moda jovem,109.59,3,noite,aplicativo móvel,1
52,produtos infantis,114.23,2,manhã,aplicativo móvel,1
50,moda jovem,236.09,7,manhã,aplicativo móvel,2
50,eletrônicos,145.79,7,manhã,online,2
68,eletrônicos,124.33,4,tarde,aplicativo móvel,1
60,saúde/bem-estar,151.39,9,manhã,online,2
54,produtos para casa,124.1,8,noite,online,2
29,produtos para casa,162.05,1,noite,aplicativo móvel,0
20,moda jovem,146.21,1,manhã,loja física,0
18,produtos infantis,193.78,5,manhã,loja física,0
50,vestuário clássico,130.57,6,noite,aplicativo móvel,2
57,produtos para casa,105.76,3,manhã,aplicativo móvel,1
27,saúde/bem-estar,132.55,9,noite,online,2
60,moda jovem,132.25,6,tarde,aplicativo móvel,1
61,moda jovem,146.12,4,noite,online,1
46,vestuário clássico,181.73,7,tarde,aplicativo móvel,2
30,saúde/bem-estar,179.0,8,manhã,loja física,2
29,produtos infantis,209.98,9,manhã,loja física,2
48,saúde/bem-estar,109.43,6,tarde,aplicativo móvel,2
63,produtos infantis,169.44,6,manhã,online,1
19,saúde/bem-estar,186.37,8,tarde,loja física,2
68,saúde/bem-estar,116.29,5,manhã,online,1
67,eletrônicos,139.62,3,noite,aplicativo móvel,1
52,moda jovem,62.5,3,manhã,aplicativo móvel,1
40,saúde/bem-estar,195.34,6,noite,loja física,2
34,vestuário clássico,139.23,2,noite,aplicativo móvel,0
43,saúde/bem-estar,190.33,6,tarde,loja física,2
25,produtos para casa,160.3,6,manhã,online,0
46,moda jovem,140.74,8,tarde,loja física,2
43,produtos para casa,70.36,7,manhã,loja física,2
27,moda jovem,79.25,8,noite,online,2
43,produtos para casa,20.34,9,noite,loja física,2
51,saúde/bem-estar,121.87,6,manhã,loja física,2
68,saúde/bem-estar,263.91,3,manhã,aplicativo móvel,1
58,eletrônicos,85.6,3,tarde,online,1
24,vestuário clássico,18.43,1,manhã,loja física,0
21,produtos para casa,198.13,5,manhã,online,0
67,produtos infantis,268.19,4,manhã,online,1
62,eletrônicos,164.9,9,tarde,loja física,2
28,produtos para casa,164.44,9,manhã,aplicativo móvel,2
46,produtos para casa,134.51,5,noite,online,2
53,eletrônicos,60.29,4,tarde,loja física,1
42,saúde/bem-estar,77.46,7,tarde,online,2
38,produtos para casa,134.16,6,noite,aplicativo móvel,2
53,saúde/bem-estar,124.58,4,noite,aplicativo móvel,1
27,eletrônicos,144.24,2,noite,aplicativo móvel,0
54,saúde/bem-estar,191.47,1,manhã,loja física,1
26,moda jovem,120.91,4,noite,loja física,0
41,produtos infantis,192.49,4,manhã,aplicativo móvel,0
52,produtos para casa,121.24,1,tarde,loja física,1
66,vestuário clássico,201.91,6,tarde,aplicativo móvel,1
52,produtos infantis,154.32,4,noite,loja física,1
65,saúde/bem-estar,128.21,1,manhã,aplicativo móvel,1
53,produtos para casa,153.46,1,noite,online,1
35,saúde/bem-estar,135.32,1,noite,aplicativo móvel,0
66,moda jovem,155.66,8,manhã,aplicativo móvel,2
56,eletrônicos,187.91,8,noite,loja física,2
49,produtos para casa,145.64,2,tarde,loja física,1
41,moda jovem,131.52,7,noite,loja física,2
40,moda jovem,93.82,8,manhã,loja física,2
49,produtos para casa,178.96,8,manhã,loja física,2
54,saúde/bem-estar,167.41,7,tarde,loja física,2
29,vestuário clássico,90.9,5,manhã,online,0
66,moda jovem,191.77,1,manhã,aplicativo móvel,1
30,produtos infantis,90.09,9,tarde,aplicativo móvel,2
40,moda jovem,201.46,7,noite,aplicativo móvel,2
42,vestuário clássico,184.39,2,tarde,online,0
52,saúde/bem-estar,170.98,6,noite,aplicativo móvel,2
58,saúde/bem-estar,131.15,2,tarde,online,1
47,produtos infantis,178.79,1,noite,online,1
34,moda jovem,203.82,7,tarde,online,2
66,saúde/bem-estar,179.62,2,noite,aplicativo móvel,1
37,vestuário clássico,116.49,2,tarde,online,0
65,produtos para casa,163.37,5,noite,aplicativo móvel,1
42,eletrônicos,206.6,5,tarde,aplicativo móvel,0
39,eletrônicos,259.95,7,manhã,loja física,2
30,eletrônicos,139.74,1,noite,loja física,0
36,moda jovem,192.89,8,tarde,online,2
66,produtos infantis,206.72,3,noite,online,1
53,saúde/bem-estar,109.38,4,noite,aplicativo móvel,1
29,produtos para casa,239.1,9,tarde,online,2
58,vestuário clássico,96.74,4,noite,online,1
36,produtos para casa,190.45,5,tarde,aplicativo móvel,0
29,vestuário clássico,165.27,7,manhã,online,2
26,moda jovem,152.78,4,noite,online,0
24,eletrônicos,277.34,1,manhã,aplicativo móvel,0
45,moda jovem,134.94,9,noite,aplicativo móvel,2
31,produtos infantis,134.13,4,noite,loja física,0
48,produtos infantis,216.57,9,noite,aplicativo móvel,2
69,vestuário clássico,188.09,6,tarde,loja física,1
36,saúde/bem-estar,214.1,1,manhã,online,0
64,saúde/bem-estar,155.84,3,noite,aplicativo móvel,1
33,vestuário clássico,165.85,2,tarde,aplicativo móvel,0
22,produtos infantis,245.05,9,noite,aplicativo móvel,2
52,produtos infantis,108.2,1,tarde,online,1
29,produtos infantis,144.86,9,noite,loja física,2
42,moda jovem,189.91,9,manhã,online,2
69,produtos infantis,140.21,8,manhã,online,2
38,produtos para casa,121.49,8,noite,aplicativo móvel,2
53,eletrônicos,180.92,1,tarde,loja física,1
40,produtos infantis,216.79,8,noite,online,2
33,vestuário clássico,142.96,3,tarde,aplicativo móvel,0
56,eletrônicos,141.57,7,noite,online,2
62,moda jovem,117.62,1,tarde,online,1
59,vestuário clássico,135.2,1,manhã,aplicativo móvel,1
56,eletrônicos,204.18,5,noite,aplicativo móvel,1
31,vestuário clássico,154.05,5,manhã,loja física,0
48,moda jovem,109.75,8,manhã,online,2
22,produtos para casa,163.12,7,noite,aplicativo móvel,2
52,moda jovem,202.56,8,noite,aplicativo móvel,2
40,moda jovem,121.91,6,tarde,loja física,2
46,vestuário clássico,83.57,6,tarde,loja física,2
60,saúde/bem-estar,259.54,2,manhã,aplicativo móvel,1
28,produtos infantis,81.07,6,tarde,loja física,0
35,produtos infantis,132.05,5,tarde,aplicativo móvel,0
64,produtos para casa,161.61,3,noite,online,1
29,produtos para casa,136.38,6,tarde,loja física,0
26,produtos infantis,146.25,8,manhã,online,2
27,saúde/bem-estar,178.84,9,tarde,online,2
61,produtos infantis,30.41,1,manhã,online,1
34,saúde/bem-estar,86.66,3,noite,aplicativo móvel,0
55,produtos para casa,152.21,3,manhã,online,1
24,eletrônicos,129.79,8,tarde,online,2
63,vestuário clássico,156.47,1,noite,online,1
30,produtos para casa,161.38,5,tarde,aplicativo móvel,0
57,produtos para casa,44.2,3,noite,online,1
59,moda jovem,213.68,2,noite,online,1
26,moda jovem,125.09,8,tarde,loja física,2
67,moda jovem,106.72,3,tarde,aplicativo móvel,1
44,vestuário clássico,160.42,7,noite,online,2
19,moda jovem,155.36,1,noite,loja física,0
22,saúde/bem-estar,209.83,6,tarde,aplicativo móvel,0
46,produtos infantis,163.59,3,manhã,aplicativo móvel,1
54,eletrônicos,207.91,8,tarde,aplicativo móvel,2
55,produtos para casa,103.09,6,noite,aplicativo móvel,2
36,saúde/bem-estar,157.09,2,tarde,aplicativo móvel,0
25,eletrônicos,94.26,6,manhã,aplicativo móvel,0
65,saúde/bem-estar,154.88,7,tarde,online,1
62,saúde/bem-estar,144.29,5,noite,online,1
18,produtos para casa,142.14,3,tarde,online,0
39,produtos infantis,142.57,4,noite,online,0
69,moda jovem,186.82,4,noite,loja física,1
34,vestuário clássico,69.63,6,tarde,online,2
24,produtos infantis,105.01,1,noite,aplicativo móvel,0
42,vestuário clássico,147.97,4,noite,online,0
62,produtos para casa,91.07,4,manhã,online,1
21,produtos para casa,152.31,1,manhã,aplicativo móvel,0
53,produtos para casa,147.46,9,manhã,online,2
23,eletrônicos,79.81,4,manhã,online,0
48,vestuário clássico,77.34,7,noite,online,2
36,produtos infantis,18.81,3,tarde,loja física,0
61,produtos infantis,88.97,3,noite,online,1
56,saúde/bem-estar,150.72,8,noite,aplicativo móvel,2
44,saúde/bem-estar,157.81,8,noite,aplicativo móvel,2
27,saúde/bem-estar,160.09,1,tarde,online,0
43,produtos para casa,111.1,2,manhã,online,0
36,produtos infantis,149.08,8,noite,online,2
56,vestuário clássico,169.86,1,noite,aplicativo móvel,1
20,produtos para casa,86.6,8,manhã,aplicativo móvel,2
62,eletrônicos,156.17,8,noite,loja física,2
30,saúde/bem-estar,182.82,2,tarde,loja física,0
67,produtos para casa,125.46,4,noite,loja física,1
45,produtos para casa,203.11,6,noite,aplicativo móvel,2
37,eletrônicos,126.63,9,manhã,loja física,2
45,moda jovem,107.0,8,noite,online,2
25,produtos infantis,177.84,8,noite,online,2
58,vestuário clássico,251.66,7,tarde,aplicativo móvel,2
56,moda jovem,154.27,9,manhã,loja física,2
18,saúde/bem-estar,181.75,2,manhã,online,0
20,produtos para casa,124.56,3,tarde,aplicativo móvel,0
30,eletrônicos,87.92,8,noite,loja física,2
45,eletrônicos,158.31,6,manhã,online,2
66,produtos infantis,166.22,9,manhã,loja física,2
42,moda jovem,132.1,4,noite,aplicativo móvel,0
50,produtos infantis,181.55,8,noite,loja física,2
55,produtos para casa,117.3,3,manhã,aplicativo móvel,1
23,produtos infantis,104.9,3,noite,loja física,0
61,vestuário clássico,203.03,8,manhã,online,2
62,eletrônicos,203.27,5,noite,aplicativo móvel,1
49,eletrônicos,118.28,3,noite,aplicativo móvel,1
62,saúde/bem-estar,235.94,1,tarde,aplicativo móvel,1
64,saúde/bem-estar,135.64,3,noite,loja física,1
38,produtos para casa,154.24,9,tarde,loja física,2
33,vestuário clássico,145.77,5,noite,online,0
38,moda jovem,176.19,2,manhã,aplicativo móvel,0
28,produtos infantis,163.57,7,manhã,aplicativo móvel,2
54,produtos para casa,162.9,2,noite,loja física,1
53,saúde/bem-estar,99.02,4,noite,loja física,1
52,produtos infantis,65.57,7,manhã,online,2
36,saúde/bem-estar,207.11,4,noite,online,0
37,produtos infantis,122.73,7,tarde,loja física,2
35,moda jovem,147.55,7,tarde,aplicativo móvel,2
64,produtos para casa,166.34,1,tarde,online,1
58,produtos infantis,231.45,6,tarde,loja física,1
66,vestuário clássico,158.07,9,tarde,loja física,2
31,eletrônicos,130.26,2,noite,aplicativo móvel,0
32,vestuário clássico,123.82,3,noite,loja física,0
48,vestuário clássico,148.13,5,tarde,loja física,1
18,eletrônicos,104.53,9,noite,online,2
20,vestuário clássico,151.44,4,noite,loja física,0
33,produtos infantis,147.4,1,tarde,loja física,0
40,produtos infantis,232.08,4,noite,online,0
28,produtos infantis,145.82,6,noite,aplicativo móvel,0
29,eletrônicos,53.78,5,noite,aplicativo móvel,0
27,vestuário clássico,283.68,1,tarde,online,0
49,eletrônicos,197.84,4,noite,online,1
33,produtos infantis,254.12,6,manhã,aplicativo móvel,2
25,vestuário clássico,92.13,4,manhã,aplicativo móvel,0
55,vestuário clássico,138.91,9,tarde,aplicativo móvel,2
29,saúde/bem-estar,183.72,5,manhã,aplicativo móvel,0
41,saúde/bem-estar,176.82,8,tarde,aplicativo móvel,2
45,moda jovem,165.35,9,manhã,online,2
25,produtos para casa,40.02,5,manhã,loja física,0
45,saúde/bem-estar,64.38,6,manhã,aplicativo móvel,2
53,eletrônicos,225.88,1,tarde,aplicativo móvel,1
43,saúde/bem-estar,234.77,7,tarde,loja física,2
25,moda jovem,144.67,4,noite,loja física,0
67,vestuário clássico,219.52,2,tarde,loja física,1
45,moda jovem,98.84,5,manhã,loja física,2
45,vestuário clássico,110.28,3,manhã,loja física,1
54,vestuário clássico,94.89,6,tarde,loja física,2
58,produtos para casa,107.5,8,tarde,online,2
53,saúde/bem-estar,186.13,7,tarde,loja física,2
44,eletrônicos,106.88,3,noite,loja física,0
34,eletrônicos,261.99,8,manhã,online,2
26,produtos infantis,173.0,2,noite,loja física,0
50,vestuário clássico,204.23,9,noite,aplicativo móvel,2
37,eletrônicos,174.5,4,manhã,aplicativo móvel,0
30,produtos para casa,210.71,1,manhã,loja física,0
45,vestuário clássico,106.6,8,tarde,online,2
65,produtos para casa,222.35,7,tarde,aplicativo móvel,1
46,eletrônicos,157.05,5,noite,online,1
30,eletrônicos,210.46,5,tarde,aplicativo móvel,0
63,produtos infantis,78.02,7,tarde,loja física,2
52,eletrônicos,159.03,5,manhã,online,1
23,vestuário clássico,157.26,8,manhã,online,2
35,vestuário clássico,119.04,6,tarde,online,2
68,vestuário clássico,165.66,5,manhã,aplicativo móvel,1
22,produtos infantis,226.98,9,tarde,aplicativo móvel,2
64,produtos infantis,115.19,2,manhã,aplicativo móvel,1
42,eletrônicos,198.09,1,manhã,loja física,0
19,moda jovem,93.63,8,manhã,aplicativo móvel,2
27,moda jovem,255.47,3,manhã,loja física,0
47,produtos infantis,189.23,7,tarde,online,2
67,eletrônicos,236.26,8,noite,online,2
62,moda jovem,183.6,6,manhã,loja física,1
22,eletrônicos,169.53,9,tarde,aplicativo móvel,2
50,eletrônicos,189.65,7,tarde,loja física,2
18,eletrônicos,143.18,5,manhã,online,0
35,saúde/bem-estar,69.11,8,noite,online,2
49,vestuário clássico,172.37,2,manhã,loja física,1
64,eletrônicos,112.22,7,tarde,aplicativo móvel,2
66,saúde/bem-estar,94.92,4,noite,aplicativo móvel,1
28,produtos infantis,181.81,9,tarde,loja física,2
38,moda jovem,136.04,1,manhã,loja física,0
43,vestuário clássico,201.39,7,noite,aplicativo móvel,2
42,moda jovem,110.55,6,tarde,online,2
39,vestuário clássico,126.46,8,tarde,loja física,2
44,moda jovem,207.51,5,tarde,aplicativo móvel,2
66,vestuário clássico,163.99,1,manhã,aplicativo móvel,1
30,moda jovem,76.13,1,noite,online,0
50,moda jovem,162.89,9,manhã,online,2
51,moda jovem,224.06,6,manhã,online,2
58,moda jovem,126.07,5,manhã,online,1
52,produtos infantis,179.9,1,noite,online,1
18,eletrônicos,107.53,6,manhã,loja física,0
38,produtos para casa,143.16,6,manhã,aplicativo móvel,2
65,saúde/bem-estar,204.49,3,manhã,loja física,1
23,produtos para casa,160.96,8,manhã,loja física,2
45,produtos para casa,214.46,1,tarde,loja física,0
34,vestuário clássico,171.27,1,manhã,loja física,0
22,eletrônicos,260.94,6,tarde,loja física,0
48,vestuário clássico,71.75,1,manhã,online,1
22,eletrônicos,139.14,6,noite,online,0
55,eletrônicos,95.77,1,tarde,aplicativo móvel,1
20,moda jovem,99.19,6,tarde,loja física,0
40,produtos infantis,99.64,3,tarde,aplicativo móvel,0
54,moda jovem,158.39,8,tarde,online,2
54,produtos infantis,161.32,6,noite,online,2
27,vestuário clássico,171.37,1,manhã,online,0
27,produtos infantis,93.85,5,tarde,loja física,0
36,vestuário clássico,133.79,8,noite,loja física,2
34,produtos para casa,101.79,3,tarde,online,0
38,produtos para casa,196.79,6,manhã,aplicativo móvel,2
31,produtos infantis,106.49,5,tarde,aplicativo móvel,0
26,produtos infantis,139.31,6,noite,online,0
63,vestuário clássico,178.02,1,manhã,aplicativo móvel,1
18,moda jovem,119.22,7,noite,online,2
68,vestuário clássico,184.69,9,manhã,aplicativo móvel,2
62,moda jovem,229.8,2,manhã,online,1
30,produtos para casa,159.49,5,manhã,aplicativo móvel,0
21,eletrônicos,195.08,4,tarde,loja física,0
18,produtos infantis,46.33,6,noite,online,0
66,moda jovem,128.55,6,noite,online,1
57,vestuário clássico,159.25,2,noite,aplicativo móvel,1
49,produtos para casa,97.35,2,manhã,online,1
51,moda jovem,160.38,4,tarde,online,1
45,vestuário clássico,203.0,1,manhã,online,1
48,produtos infantis,56.02,9,noite,loja física,2
25,produtos infantis,90.55,7,tarde,loja física,2
56,saúde/bem-estar,159.24,7,tarde,aplicativo móvel,2
43,eletrônicos,173.02,3,tarde,loja física,0
51,saúde/bem-estar,186.9,3,noite,aplicativo móvel,1
20,produtos para casa,155.54,1,tarde,loja física,0
67,moda jovem,173.08,3,tarde,aplicativo móvel,1
29,produtos para casa,195.17,3,manhã,loja física,0
18,vestuário clássico,129.28,4,manhã,loja física,0
61,produtos infantis,119.57,4,tarde,aplicativo móvel,1
22,saúde/bem-estar,141.57,3,tarde,online,0
47,saúde/bem-estar,159.97,8,manhã,online,2
47,saúde/bem-estar,117.09,8,manhã,loja física,2
34,produtos para casa,130.31,1,manhã,aplicativo móvel,0
65,produtos infantis,169.89,7,noite,online,1
64,moda jovem,157.89,2,noite,aplicativo móvel,1
40,vestuário clássico,140.73,1,manhã,online,0
32,moda jovem,62.95,3,tarde,aplicativo móvel,0
54,produtos para casa,149.82,4,manhã,loja física,1
38,vestuário clássico,101.5,6,noite,aplicativo móvel,2
31,saúde/bem-estar,199.15,5,tarde,online,0
19,eletrônicos,134.56,4,noite,loja física,0
28,produtos para casa,100.19,8,tarde,aplicativo móvel,2
68,produtos para casa,146.92,4,noite,online,1
56,produtos infantis,213.53,2,tarde,loja física,1
55,moda jovem,181.54,3,tarde,aplicativo móvel,1
51,produtos para casa,161.0,6,tarde,online,2
55,produtos para casa,83.7,8,tarde,aplicativo móvel,2
67,saúde/bem-estar,231.08,8,noite,aplicativo móvel,2
51,saúde/bem-estar,118.92,9,noite,loja física,2
35,vestuário clássico,196.69,7,tarde,loja física,2
47,eletrônicos,133.73,2,tarde,online,1
32,produtos infantis,191.88,8,noite,loja física,2
44,eletrônicos,215.34,7,tarde,online,2
68,vestuário clássico,182.41,8,tarde,aplicativo móvel,2
51,saúde/bem-estar,187.79,3,tarde,aplicativo móvel,1
69,moda jovem,145.08,7,manhã,online,1
55,saúde/bem-estar,128.3,9,tarde,aplicativo móvel,2
50,produtos infantis,156.91,3,manhã,loja física,1
41,saúde/bem-estar,133.0,6,tarde,aplicativo móvel,2
32,produtos infantis,273.36,2,noite,loja física,0
47,produtos infantis,100.38,2,manhã,online,1
59,produtos infantis,200.1,5,manhã,online,1
68,vestuário clássico,175.86,5,tarde,aplicativo móvel,1
34,produtos infantis,161.49,7,tarde,aplicativo móvel,2
22,produtos infantis,223.99,2,manhã,loja física,0
46,moda jovem,164.92,7,noite,loja física,2
21,eletrônicos,118.25,5,noite,aplicativo móvel,0
27,produtos para casa,164.59,6,tarde,aplicativo móvel,0
34,eletrônicos,140.84,8,noite,online,2
27,produtos infantis,175.16,4,noite,online,0
34,moda jovem,190.65,7,tarde,online,2
37,saúde/bem-estar,107.05,6,noite,aplicativo móvel,2
41,moda jovem,209.77,2,tarde,aplicativo móvel,0
22,produtos infantis,137.26,8,manhã,aplicativo móvel,2
51,moda jovem,172.18,9,tarde,online,2
23,moda jovem,180.85,5,manhã,aplicativo móvel,0
19,produtos infantis,168.37,4,manhã,loja física,0
30,vestuário clássico,144.54,6,noite,aplicativo móvel,2
60,moda jovem,125.57,8,noite,aplicativo móvel,2
60,produtos para casa,136.55,3,noite,aplicativo móvel,1
65,produtos para casa,228.26,1,tarde,aplicativo móvel,1
28,moda jovem,106.71,4,noite,aplicativo móvel,0
68,vestuário clássico,114.04,4,manhã,loja física,1
64,saúde/bem-estar,111.84,1,noite,loja física,1
40,produtos infantis,156.79,9,noite,aplicativo móvel,2
33,produtos para casa,73.76,3,tarde,online,0
48,saúde/bem-estar,82.32,5,tarde,aplicativo móvel,1
28,moda jovem,136.95,6,manhã,aplicativo móvel,0
33,saúde/bem-estar,85.61,8,tarde,aplicativo móvel,2
25,eletrônicos,89.69,6,noite,online,0
21,produtos para casa,85.99,3,tarde,online,0
57,moda jovem,107.67,6,manhã,online,1
21,produtos infantis,186.56,1,noite,loja física,0
42,vestuário clássico,197.79,4,manhã,online,0
20,moda jovem,245.95,6,tarde,loja física,0
49,produtos infantis,244.12,7,tarde,loja física,2
20,vestuário clássico,189.32,3,manhã,online,0
44,vestuário clássico,201.38,9,noite,online,2
46,moda jovem,156.56,7,tarde,online,2
49,saúde/bem-estar,175.99,1,tarde,loja física,1
67,saúde/bem-estar,247.18,2,noite,aplicativo móvel,1
68,vestuário clássico,168.56,1,tarde,online,1
36,saúde/bem-estar,207.66,9,manhã,online,2
38,eletrônicos,103.28,9,tarde,online,2
22,vestuário clássico,116.69,7,tarde,loja física,2
35,vestuário clássico,165.6,3,noite,loja física,0
45,produtos infantis,157.5,5,manhã,aplicativo móvel,2
59,saúde/bem-estar,119.0,4,noite,online,1
39,vestuário clássico,270.37,7,tarde,loja física,2
38,eletrônicos,158.63,9,tarde,aplicativo móvel,2
23,produtos infantis,127.86,2,noite,online,0
18,moda jovem,157.58,8,noite,loja física,2
22,vestuário clássico,151.27,9,noite,online,2
58,eletrônicos,159.39,9,manhã,online,2
29,produtos para casa,70.31,7,tarde,loja física,2
43,eletrônicos,214.6,9,noite,loja física,2
63,eletrônicos,217.44,9,tarde,loja física,2
51,produtos infantis,223.52,3,manhã,online,1
66,moda jovem,166.27,4,manhã,online,1
31,produtos para casa,183.12,2,manhã,aplicativo móvel,0
43,saúde/bem-estar,106.69,3,manhã,online,0
62,saúde/bem-estar,191.64,5,tarde,loja física,1
44,eletrônicos,162.59,5,manhã,online,2
26,produtos infantis,126.98,6,manhã,aplicativo móvel,0
43,produtos infantis,193.24,7,noite,aplicativo móvel,2
64,saúde/bem-estar,195.17,7,manhã,loja física,1
39,produtos para casa,153.03,1,noite,loja física,0
64,moda jovem,171.92,2,manhã,aplicativo móvel,1
47,produtos para casa,98.41,9,manhã,aplicativo móvel,2
60,vestuário clássico,212.16,2,noite,aplicativo móvel,1
65,vestuário clássico,105.06,6,manhã,loja física,1
34,moda jovem,114.73,1,tarde,aplicativo móvel,0
43,saúde/bem-estar,153.12,3,tarde,aplicativo móvel,0
53,moda jovem,205.73,2,manhã,loja física,1
18,produtos infantis,205.7,3,tarde,online,0
25,vestuário clássico,149.76,5,noite,online,0
66,eletrônicos,188.65,6,manhã,aplicativo móvel,1
52,eletrônicos,65.55,9,manhã,online,2
69,saúde/bem-estar,114.03,4,noite,online,1
32,produtos infantis,115.05,7,noite,online,2
64,produtos para casa,212.61,6,noite,online,1
39,produtos infantis,182.73,2,manhã,aplicativo móvel,0
31,eletrônicos,159.23,8,noite,online,2
43,eletrônicos,164.09,7,noite,online,2
45,vestuário clássico,228.42,7,tarde,loja física,2
40,produtos infantis,141.49,8,tarde,aplicativo móvel,2
31,produtos infantis,84.3,1,manhã,loja física,0
41,eletrônicos,204.36,1,tarde,loja física,0
19,produtos para casa,159.09,8,tarde,aplicativo móvel,2
62,saúde/bem-estar,197.68,4,noite,online,1
43,saúde/bem-estar,147.76,5,noite,loja física,2
31,produtos infantis,108.07,8,tarde,aplicativo móvel,2
68,saúde/bem-estar,170.14,5,tarde,online,1
24,eletrônicos,150.51,4,tarde,aplicativo móvel,0
20,eletrônicos,159.25,6,manhã,loja física,0
64,produtos infantis,230.83,5,manhã,online,1
40,produtos infantis,95.06,7,manhã,online,2
63,vestuário clássico,164.3,7,tarde,aplicativo móvel,2
60,produtos infantis,109.05,4,tarde,online,1
64,produtos para casa,20.47,5,manhã,loja física,1
62,saúde/bem-estar,147.55,3,manhã,loja física,1
35,produtos infantis,151.55,4,tarde,loja física,0
55,moda jovem,181.18,4,noite,aplicativo móvel,1
52,vestuário clássico,139.12,3,manhã,online,1
68,moda jovem,75.55,5,tarde,online,1
32,eletrônicos,108.88,5,tarde,online,0
42,saúde/bem-estar,215.85,7,noite,loja física,2
54,produtos infantis,108.17,4,tarde,online,1
45,moda jovem,229.16,4,tarde,loja física,1
27,saúde/bem-estar,202.5,9,manhã,online,2
56,eletrônicos,134.11,6,manhã,loja física,1
34,produtos para casa,113.55,4,noite,online,0
56,vestuário clássico,202.4,2,noite,aplicativo móvel,1
39,saúde/bem-estar,137.95,6,tarde,aplicativo móvel,2
43,saúde/bem-estar,72.72,2,manhã,loja física,0
61,produtos para casa,178.12,5,noite,loja física,1
42,saúde/bem-estar,170.86,6,noite,online,2
34,eletrônicos,206.89,4,noite,online,0
30,eletrônicos,167.48,3,tarde,aplicativo móvel,0
37,produtos para casa,122.54,7,manhã,online,2
42,vestuário clássico,213.48,2,noite,loja física,0
21,produtos infantis,218.35,6,manhã,loja física,0
27,moda jovem,161.66,4,noite,loja física,0
20,produtos infantis,153.02,6,noite,loja física,0
58,saúde/bem-estar,83.84,4,manhã,loja física,1
62,moda jovem,119.62,4,manhã,aplicativo móvel,1
35,produtos para casa,188.04,4,manhã,aplicativo móvel,0
64,produtos para casa,122.14,9,tarde,loja física,2
53,vestuário clássico,77.16,7,noite,online,2
64,moda jovem,324.79,3,tarde,loja física,1
39,eletrônicos,76.83,3,manhã,aplicativo móvel,0
51,moda jovem,262.84,6,noite,loja física,2
64,saúde/bem-estar,134.63,6,tarde,aplicativo móvel,1
25,eletrônicos,145.77,4,noite,aplicativo móvel,0
57,produtos para casa,116.39,9,tarde,loja física,2
66,moda jovem,189.14,4,manhã,loja física,1
61,produtos infantis,78.01,9,tarde,online,2
36,vestuário clássico,57.98,4,noite,aplicativo móvel,0
59,produtos infantis,230.51,2,noite,online,1
58,vestuário clássico,109.8,2,noite,loja física,1
54,saúde/bem-estar,187.3,5,noite,aplicativo móvel,1
23,produtos infantis,95.73,4,manhã,online,0
69,moda jovem,185.42,7,tarde,online,1
43,moda jovem,234.18,5,manhã,online,2
51,produtos infantis,123.64,6,manhã,loja física,2
62,moda jovem,53.33,4,manhã,loja física,1
23,saúde/bem-estar,234.44,2,noite,loja física,0
54,eletrônicos,196.31,9,noite,aplicativo móvel,2
50,saúde/bem-estar,126.32,7,noite,loja física,2
39,vestuário clássico,139.1,4,tarde,aplicativo móvel,0
38,saúde/bem-estar,94.47,3,noite,online,0
23,vestuário clássico,221.01,3,tarde,online,0
23,moda jovem,123.26,9,noite,loja física,2
65,eletrônicos,79.06,5,noite,online,1
21,moda jovem,160.68,3,manhã,loja física,0
47,produtos para casa,107.0,5,manhã,aplicativo móvel,2
28,moda jovem,98.5,2,manhã,online,0
47,vestuário clássico,128.5,4,tarde,loja física,1
48,moda jovem,154.32,2,tarde,online,1
41,moda jovem,80.94,2,noite,online,0
26,eletrônicos,219.26,8,tarde,loja física,2
20,moda jovem,183.86,1,noite,online,0
68,eletrônicos,131.73,7,tarde,online,1
48,produtos infantis,104.83,5,tarde,online,1
57,produtos para casa,145.54,8,tarde,online,2
54,eletrônicos,194.97,1,manhã,aplicativo móvel,1
53,vestuário clássico,187.23,7,tarde,online,2
41,produtos infantis,202.93,5,manhã,online,0
48,eletrônicos,125.98,4,manhã,loja física,1
23,eletrônicos,3.75,7,tarde,aplicativo móvel,2
19,produtos para casa,212.39,2,noite,loja física,0
37,vestuário clássico,141.64,1,noite,loja física,0
45,saúde/bem-estar,183.31,1,noite,loja física,1
28,saúde/bem-estar,233.46,1,tarde,aplicativo móvel,0
21,eletrônicos,271.72,5,noite,loja física,0
32,moda jovem,117.51,7,manhã,loja física,2
23,vestuário clássico,156.7,2,noite,loja física,0
66,produtos infantis,218.34,8,tarde,online,2
47,moda jovem,107.79,4,noite,loja física,1
55,moda jovem,120.89,3,manhã,aplicativo móvel,1
68,vestuário clássico,120.6,8,tarde,aplicativo móvel,2
19,eletrônicos,148.6,2,noite,online,0
32,eletrônicos,138.99,3,tarde,aplicativo móvel,0
28,eletrônicos,120.31,3,tarde,aplicativo móvel,0
25,eletrônicos,101.71,1,tarde,online,0
43,saúde/bem-estar,190.6,6,noite,loja física,2
68,eletrônicos,216.89,2,tarde,online,1
62,saúde/bem-estar,224.14,1,noite,loja física,1
61,saúde/bem-estar,125.95,2,manhã,loja física,1
22,eletrônicos,192.69,6,noite,aplicativo móvel,0
23,produtos para casa,161.82,4,manhã,online,0
43,produtos infantis,121.47,6,noite,aplicativo móvel,2
21,moda jovem,186.71,9,tarde,aplicativo móvel,2
36,saúde/bem-estar,119.17,8,noite,loja física,2
37,vestuário clássico,131.19,1,tarde,aplicativo móvel,0
50,vestuário clássico,81.16,8,manhã,online,2
37,produtos infantis,126.79,9,noite,aplicativo móvel,2
66,vestuário clássico,162.69,6,tarde,aplicativo móvel,1
29,produtos para casa,228.45,5,manhã,loja física,0
64,vestuário clássico,132.33,6,manhã,online,1
18,moda jovem,98.09,6,noite,aplicativo móvel,0
43,moda jovem,224.87,9,manhã,loja física,2
31,saúde/bem-estar,124.77,4,tarde,aplicativo móvel,0
55,eletrônicos,62.58,2,manhã,online,1
54,produtos para casa,156.65,9,manhã,aplicativo móvel,2
28,saúde/bem-estar,133.76,2,tarde,aplicativo móvel,0
53,produtos para casa,265.02,9,manhã,loja física,2
30,eletrônicos,173.77,2,manhã,aplicativo móvel,0
60,vestuário clássico,142.68,8,manhã,loja física,2
20,vestuário clássico,103.78,9,manhã,online,2
50,eletrônicos,166.51,9,tarde,aplicativo móvel,2
23,saúde/bem-estar,222.84,9,manhã,online,2
67,eletrônicos,165.59,2,tarde,online,1
27,produtos infantis,107.63,4,manhã,aplicativo móvel,0
22,moda jovem,176.94,7,manhã,loja física,2
40,saúde/bem-estar,147.57,2,manhã,online,0
27,produtos para casa,172.43,1,manhã,online,0
61,produtos infantis,132.26,3,tarde,aplicativo móvel,1
19,saúde/bem-estar,131.09,4,tarde,aplicativo móvel,0
30,eletrônicos,129.11,8,tarde,aplicativo móvel,2
57,eletrônicos,197.11,6,noite,aplicativo móvel,1
19,eletrônicos,131.59,2,manhã,aplicativo móvel,0
37,eletrônicos,127.01,9,manhã,aplicativo móvel,2
18,produtos para casa,102.9,2,tarde,loja física,0
54,produtos infantis,172.7,5,noite,online,1
26,vestuário clássico,165.59,4,manhã,loja física,0
34,moda jovem,127.56,7,tarde,loja física,2
26,produtos para casa,114.53,8,manhã,aplicativo móvel,2
28,produtos para casa,243.81,5,manhã,online,0
32,vestuário clássico,55.98,5,tarde,loja física,0
41,vestuário clássico,174.66,2,tarde,aplicativo móvel,0
55,moda jovem,214.57,8,manhã,aplicativo móvel,2
52,moda jovem,151.95,2,manhã,online,1
47,vestuário clássico,189.71,6,tarde,loja física,2
48,eletrônicos,138.99,8,manhã,loja física,2
66,produtos para casa,162.8,6,manhã,loja física,1
22,saúde/bem-estar,133.84,4,tarde,aplicativo móvel,0
61,moda jovem,203.77,4,manhã,online,1
67,moda jovem,168.16,6,manhã,online,1
31,vestuário clássico,156.59,4,noite,loja física,0
28,produtos infantis,105.06,8,tarde,aplicativo móvel,2
26,saúde/bem-estar,244.11,9,noite,loja física,2
51,saúde/bem-estar,150.5,1,noite,online,1
29,moda jovem,264.49,4,noite,aplicativo móvel,0
52,eletrônicos,246.38,4,manhã,loja física,1
52,produtos infantis,61.08,2,manhã,loja física,1
18,saúde/bem-estar,117.25,6,noite,aplicativo móvel,0
57,moda jovem,98.15,3,noite,online,1
39,saúde/bem-estar,147.59,7,noite,aplicativo móvel,2
46,produtos infantis,159.36,5,manhã,loja física,2
25,produtos infantis,161.5,4,noite,loja física,0
28,produtos para casa,202.71,5,noite,loja física,0
58,vestuário clássico,224.68,8,tarde,loja física,2
54,vestuário clássico,198.37,3,tarde,online,1
31,moda jovem,121.95,7,manhã,online,2
47,produtos infantis,110.9,6,tarde,loja física,2
52,produtos para casa,150.14,1,tarde,online,1
38,produtos para casa,171.31,7,tarde,online,2
54,saúde/bem-estar,140.84,7,manhã,online,2
22,saúde/bem-estar,82.73,1,tarde,loja física,0
36,produtos para casa,184.1,9,manhã,aplicativo móvel,2
31,saúde/bem-estar,130.38,6,noite,aplicativo móvel,2
43,produtos infantis,128.87,2,tarde,aplicativo móvel,0
21,eletrônicos,147.27,5,manhã,loja física,0
42,produtos infantis,138.01,4,tarde,online,0
62,produtos para casa,131.67,7,noite,online,2
59,produtos para casa,85.99,8,manhã,loja física,2
42,produtos infantis,144.39,1,manhã,loja física,0
35,saúde/bem-estar,185.15,5,manhã,aplicativo móvel,0
57,saúde/bem-estar,163.23,3,noite,aplicativo móvel,1
25,vestuário clássico,197.41,1,noite,loja física,0
56,produtos para casa,113.57,3,noite,aplicativo móvel,1
57,moda jovem,86.1,6,manhã,online,1
31,vestuário clássico,137.71,7,noite,loja física,2
49,saúde/bem-estar,119.29,8,tarde,loja física,2
68,produtos infantis,124.48,4,noite,online,1
55,saúde/bem-estar,160.59,3,manhã,online,1
50,produtos infantis,124.85,5,tarde,online,1
40,vestuário clássico,87.5,9,noite,aplicativo móvel,2
32,produtos para casa,122.05,6,tarde,loja física,2
50,saúde/bem-estar,167.0,9,tarde,aplicativo móvel,2
42,produtos infantis,183.57,6,manhã,online,2
34,produtos para casa,183.07,2,tarde,aplicativo móvel,0
50,moda jovem,171.22,5,tarde,online,1
64,produtos infantis,141.6,9,manhã,aplicativo móvel,2
19,vestuário clássico,170.25,8,manhã,aplicativo móvel,2
31,moda jovem,147.88,7,manhã,online,2
57,moda jovem,155.65,1,tarde,aplicativo móvel,1
57,eletrônicos,103.03,4,tarde,loja física,1
68,saúde/bem-estar,152.19,7,tarde,aplicativo móvel,1
56,produtos infantis,168.93,7,manhã,aplicativo móvel,2
68,moda jovem,167.06,6,noite,loja física,1
23,eletrônicos,85.62,8,tarde,online,2
23,vestuário clássico,154.81,6,noite,loja física,0
20,produtos para casa,77.81,3,manhã,aplicativo móvel,0
24,produtos infantis,158.68,4,tarde,online,0
68,moda jovem,114.93,3,noite,aplicativo móvel,1
25,saúde/bem-estar,235.28,1,tarde,aplicativo móvel,0
59,eletrônicos,155.96,5,tarde,loja física,1
69,moda jovem,190.06,1,tarde,loja física,1
32,saúde/bem-estar,255.54,1,noite,online,0
64,moda jovem,109.13,2,manhã,online,1
46,produtos infantis,171.78,4,tarde,online,1
